{
    "noise": [
        "입회",
        "참관",
        "수습",
        "지표",
        "현상변경",
        "배수로",
        "이전복원",
        "대상지",
        "보호수",
        "노거수",
        "당산목"
    ],
    "artifacts": {
        "석불": "불교석조물",
        "마애불": "불교석조물",
        "광배": "불교석조물",
        "석조": "불교석조물",
        "석탑": "불교석조물",
        "부도": "불교석조물",
        "승탑": "불교석조물",
        "석등": "불교석조물",
        "당간": "불교석조물",
        "불상": "불교석조물",
        "여래": "불교석조물",
        "보살": "불교석조물",
        "지석묘": "지석묘(고인돌)",
        "고인돌": "지석묘(고인돌)",
        "고분": "고분(옛무덤)",
        "총": "고분(옛무덤)",
        "분묘": "분묘(일반)",
        "민묘": "분묘(일반)",
        "묘": "분묘(일반)",
        "요지": "생산유적",
        "가마": "생산유적",
        "야철지": "생산유적",
        "제철유적": "생산유적",
        "도요지": "생산유적",
        "주거지": "생활유적",
        "취락": "생활유적",
        "건물지": "생활유적",
        "유물산포지": "생활유적",
        "패총": "생활유적",
        "산성": "성곽/관방",
        "읍성": "성곽/관방",
        "토성": "성곽/관방",
        "진성": "성곽/관방",
        "봉수": "성곽/관방",
        "비": "비석/탑비",
        "비석": "비석/탑비",
        "탑비": "비석/탑비",
        "선정비": "비석/탑비",
        "불망비": "비석/탑비",
        "유허비": "비석/탑비",
        "효자비": "비석/탑비",
        "열녀비": "비석/탑비",
        "송덕비": "비석/탑비",
        "사지": "불교건축(사지)",
        "절터": "불교건축(사지)",
        "암": "불교건축(사지)",
        "정사": "불교건축(사지)",
        "서원": "유교/제사/관아",
        "향교": "유교/제사/관아",
        "사당": "유교/제사/관아",
        "재실": "유교/제사/관아",
        "정려": "유교/제사/관아"
    }
}